,,,,,,,,,,,,,,,,,,,,,,,,,,,,,,,,,,,,
Application,,,,,Test Info,,Dependencies Info,,,Original Measures,,,,,,,,,,,,Dynamic Treatment: Emptying Function,,,,,,,,,,,Improvement,,,
Name,Version,Type,Module Type,Package Type,Test Coverage,Test Engine,Direct Dependencies,Indirect Dependencies,Dependents,Program Files,Library Files,Bundled Size,Libraries Size,Minified Bundled Size,Bundled LOC,Libreries LOC,Buldled Functions,Library Functions,%library funcions,Empty Library Functions,Empty Functions,Removed/Entiep LOC,UFF optimized,UFF complete removed,UFF emptied,UFF loc left,LOC reducido,UFF loc left,Function Reducidas,Funciones de libreria reducidas,Bundled Size,Minified Bundled Size,Bundled Size,Minified Bundled Size,% Bundled Size,% Minified Bundled Size
angular-countdown,"""1.2.1""",Library,ES6 Harmony,npm,"100,00%",Karma,2,0,0,3,2,1206649,1050887,136.697,24094,23600,1219,1168,"95,82%",8,8,6852,856,471,385,770,"28,44%","11,24%","70,22%","73,29%",788185,57.680,418464,79.017,"34,68%","57,80%"
assert-x,"""1.2.18""",Library,CommonJS,npm,"89,47%",Jasmine,5,37,1,1,88,251028,220036,46.411,5652,5239,328,306,"93,29%",1,1,455,90,17,73,146,"8,05%","32,09%","27,44%","29,41%",224178,37.929,26850,8.482,"10,70%","18,28%"
backbone-tableview,"""1.0.5""",Library,CommonJS,npm,"100,00%",Mocha,4,1,0,12,11,639734,487549,136.054,11350,7770,978,916,"93,66%",10,11,4838,632,163,469,938,"42,63%","19,39%","64,62%","69,00%",343912,68.551,295822,67.503,"46,24%","49,61%"
Chart.js,"""2.1.4""",Library,CommonJS,npm,"91,00%",Karma,2,3,36,37,6,738.129,190.104,187.074,13.728,6.394,1044,447,"42,82%",2,3,1.558,289,4,285,570,"11,35%","36,59%","27,68%","64,65%",651.348,160.916,86.781,26.158,"11,76%","13,98%"
chomsky,"""1.0.8""",Library,ES6 Harmony,npm,"90,00%",Karma,4,3,1,5,341,873314,593099,242.023,20029,15530,2064,1643,"79,60%",14,14,5572,1054,94,960,1920,"27,82%","34,46%","51,07%","64,15%",590801,149.236,282513,92.787,"32,35%","38,34%"
easystarjs,"""0.3.0""",Library,CommonJS,npm,"100,00%",Karma,1,0,2,3,2,38796,9882,8492,940,318,72,31,"43,06%",0,0,137,19,1,18,36,"14,57%","26,28%","26,39%","61,29%",33633,7081,5163,1411,"13,31%","16,62%"
escodegen,"""1.8.1""",Library,CommonJS,npm,"97,22%",Mocha,5,7,612,2,18,255.331,170.508,99.161,4946,3714,370,196,"52,97%",3,4,1057,107,25,82,164,"21,37%","15,52%","28,92%","54,59%",204.179,81.392,51.152,17.769,"20,03%","17,92%"
escope,"""3.6.0""",Library,ES6 Harmony,npm,"90,14%",Mocha,4,8,72,8,63,401.791,108.988,97.853,7565,3125,604,220,"36,42%",6,14,2091,201,73,128,256,"27,64%","12,24%","33,28%","91,36%",306.139,70.352,95.652,27.501,"23,81%","28,10%"
geojsonhint,"""2.0.0""",Library,CommonJS,npm,"96,77%",Tap,5,19,24,3,1,95721,36427,30.801,2022,1097,109,33,"30,28%",1,3,88,14,0,14,28,"4,35%","31,82%","12,84%","42,42%",90375,28.628,5346,2.173,"5,58%","7,05%"
mathjs,"""3.5.1""",Library,CommonJS,npm,"96,06%","Istambul, Mocha",5,0,157,491,5,2258325,251318,445.386,49697,6841,2865,281,"9,81%",1,8,631,72,1,71,142,"1,27%","22,50%","2,51%","25,62%",2257746,438.400,579,6.986,"0,03%","1,57%"
messy,"""6.11.0""",Library,CommonJS,npm,"92,00%",Mocha,5,2,7,16,41,1245987,428814,441.294,22405,8653,1069,504,"47,15%",28,27,12509,361,174,187,374,"55,83%","2,99%","33,77%","71,63%",554109,149.289,691878,292.005,"55,53%","66,17%"
mochawesome,"""1.5.2""",Library,CommonJS,npm,"100,00%",Mocha,12,15,6,1,5,525699,518083,154656,11255,11077,936,920,"98,29%",6,0,5109,631,203,428,856,"45,39%","16,75%","67,41%","68,59%",266804,73.690,258895,80.966,"49,25%","52,35%"
p5,"""0.5.3""",Library,CommonJS,npm,"100,00%",Mocha,3,44,5,61,28,1381908,248264,281.130,34985,8585,1132,307,"27,12%",6,8,4874,301,210,91,182,"13,93%","3,73%","26,59%","98,05%",1142497,207.024,239411,74.106,"17,32%","26,36%"
pixi.js,"""4.0.1""",Library,CommonJS,npm,86%,Floos,8,73,32,132,30,1196592,133465,300.256,26527,4043,1402,211,"15,05%",4,26,2118,206,26,180,360,"7,98%","17,00%","14,69%","97,63%",1093800,269.026,102792,31.230,"8,59%","10,40%"
teoria,"""2.2.1""",Library,CommonJS,npm,"85,9%",Vows,5,2,7,8,7,73899,11489,26.688,1766,409,118,11,"9,32%",0,0,2,2,0,2,4,"0,11%","200,00%","1,69%","18,18%",73753,26.605,146,83,"0,20%","0,31%"
transform-pouch,"""1.3.3""",Library,CommonJS,npm,"90,00%","Istambul, Mocha",8,48,4,2,7,66326,33683,27.899,1467,970,214,134,"62,62%",2,3,326,78,41,37,74,"22,22%","22,70%","36,45%","58,21%",49723,20.454,16603,7.445,"25,03%","26,69%"
underscore.string,"""3.3.4""",Library,CommonJS,npm,100%,"Istambul, Mocha",2,0,2121,70,2,68275,9671,31935,1600,245,170,11,"6,47%",0,0,36,6,2,4,8,"2,25%","22,22%","3,53%","54,55%",66401,31277,1874,658,"2,74%","2,06%"
unexpected-http,"""5.6.0""",Library,CommonJS,npm,"87,00%",Mocha,3,13,2,1,84,2083834,1109584,584.046,39037,25857,1923,1516,"78,84%",39,35,15613,993,211,782,1564,"40,00%","10,02%","51,64%","65,50%",1157522,232.836,926312,351.210,"44,45%","60,13%"
unexpected-messy,"""6.1.2""",Library,CommonJS,npm,"92,00%",Mocha,4,10,5,2,61,1964124,935823,557.454,36942,21725,1766,1114,"63,08%",30,30,16043,833,255,578,1156,"43,43%","7,21%","47,17%","74,78%",1040106,215.361,924018,342.093,"47,04%","61,37%"
unified,"""5.1.0""",Library,CommonJS,npm,100%,"nyc, tape",8,4,12,1,13,90857,21157,29.639,2040,722,161,54,"33,54%",2,3,109,25,5,20,40,"5,34%","36,70%","15,53%","46,30%",84986,26.826,5871,2.813,"6,46%","9,49%"
virtual-dom,"""2.1.1""",Library,CommonJS,npm,100%,"Tap, Istambul",8,6,317,27,7,71321,6296,31.181,1565,150,112,8,"7,14%",0,1,6,2,0,2,4,"0,38%","66,67%","1,79%","25,00%",70936,31.058,385,123,"0,54%","0,39%"
workfront-api,"""1.3.4""",Library,CommonJS,npm,"88,7%",Mocha,3,6,2,20,13,809889,97173,226.744,16207,2631,930,311,"33,44%",18,30,1346,249,166,83,166,"8,31%","12,33%","26,77%","80,06%",738272,211.619,71617,15.125,"8,84%","6,67%"
,,,,,,,,,,,,,,,,,,,,,,,,,,,,,,,,,,,,
,,,,,,,,,,,,,,,,,,,,,,,,,,,,,,,,,,,,
,,,,,,,,,,,,,,,,,,,,,,,,,,,,,,,,,,,,
,,,,,,,,,,,,,,,,,,,,,,,,,,,,,,,,,,,,
,,,,,,,,,,,,,,,,,,,,,,,,,,,,,,,,,,,,
,,,,,,,,,,,,,,,,,,,,,,,,,,,,,,,,,,,,
,,,,,,,,,,,,,,,,,,,,,,,,,,,,,,,,,,,,
,,,,,,,,,,,,,,,,,,,,,,,,,,,,,,,,,,,,
,,,,,,,,,,,,,,,,,,,,,,,,,,,,,,,,,,,,
,,,,,,,,,,,,,,,,,,,,,,,,,,,,,,,,,,,,
,,,,,,,,,,,,,,,,,,,,,,,,,,,,,,,,,,,,
,,,,,,,,,,,,,,,,,,,,,,,,,,,,,,,,,,,,
,,,,,,,,,,,,,,,,,,,,,,,,,,,,,,,,,,,,
,,,,,,,,,,,,,,,,,,,,,,,,,,,,,,,,,,,,
,,,,,,,,,,,,,,,,,,,,,,,,,,,,,,,,,,,,
,,,,,,,,,,,,,,,,,,,,,,,,,,,,,,,,,,,,
,,,,,,,,,,,,,,,,,,,,,,,,,,,,,,,,,,,,
,,,,,,,,,,,,,,,,,,,,,,,,,,,,,,,,,,,,
,,,,,,,,,,,,,,,,,,,,,,,,,,,,,,,,,,,,
,,,,,,,,,,,,,,,,,,,,,,,,,,,,,,,,,,,,
,,,,,,,,,,,,,,,,,,,,,,,,,,,,,,,,,,,,
,,,,,,,,,,,,,,,,,,,,,,,,,,,,,,,,,,,,
,,,,,,,,,,,,,,,,,,,,,,,,,,,,,,,,,,,,
,,,,,,,,,,,,,,,,,,,,,,,,,,,,,,,,,,,,
,,,,,,,,,,,,,,,,,,,,,,,,,,,,,,,,,,,,
,,,,,,,,,,,,,,,,,,,,,,,,,,,,,,,,,,,,
,,,,,,,,,,,,,,,,,,,,,,,,,,,,,,,,,,,,
,,,,,,,,,,,,,,,,,,,,,,,,,,,,,,,,,,,,
,,,,,,,,,,,,,,,,,,,,,,,,,,,,,,,,,,,,
,,,,,,,,,,,,,,,,,,,,,,,,,,,,,,,,,,,,
,,,,,,,,,,,,,,,,,,,,,,,,,,,,,,,,,,,,
,,,,,,,,,,,,,,,,,,,,,,,,,,,,,,,,,,,,
,,,,,,,,,,,,,,,,,,,,,,,,,,,,,,,,,,,,
,,,,,,,,,,,,,,,,,,,,,,,,,,,,,,,,,,,,
,,,,,,,,,,,,,,,,,,,,,,,,,,,,,,,,,,,,
,,,,,,,,,,,,,,,,,,,,,,,,,,,,,,,,,,,,
,,,,,,,,,,,,,,,,,,,,,,,,,,,,,,,,,,,,
,,,,,,,,,,,,,,,,,,,,,,,,,,,,,,,,,,,,
,,,,,,,,,,,,,,,,,,,,,,,,,,,,,,,,,,,,
,,,,,,,,,,,,,,,,,,,,,,,,,,,,,,,,,,,,
,,,,,,,,,,,,,,,,,,,,,,,,,,,,,,,,,,,,
,,,,,,,,,,,,,,,,,,,,,,,,,,,,,,,,,,,,
,,,,,,,,,,,,,,,,,,,,,,,,,,,,,,,,,,,,
,,,,,,,,,,,,,,,,,,,,,,,,,,,,,,,,,,,,
,,,,,,,,,,,,,,,,,,,,,,,,,,,,,,,,,,,,
,,,,,,,,,,,,,,,,,,,,,,,,,,,,,,,,,,,,
,,,,,,,,,,,,,,,,,,,,,,,,,,,,,,,,,,,,
,,,,,,,,,,,,,,,,,,,,,,,,,,,,,,,,,,,,
,,,,,,,,,,,,,,,,,,,,,,,,,,,,,,,,,,,,
,,,,,,,,,,,,,,,,,,,,,,,,,,,,,,,,,,,,
,,,,,,,,,,,,,,,,,,,,,,,,,,,,,,,,,,,,
,,,,,,,,,,,,,,,,,,,,,,,,,,,,,,,,,,,,
,,,,,,,,,,,,,,,,,,,,,,,,,,,,,,,,,,,,
,,,,,,,,,,,,,,,,,,,,,,,,,,,,,,,,,,,,
,,,,,,,,,,,,,,,,,,,,,,,,,,,,,,,,,,,,
,,,,,,,,,,,,,,,,,,,,,,,,,,,,,,,,,,,,
,,,,,,,,,,,,,,,,,,,,,,,,,,,,,,,,,,,,
,,,,,,,,,,,,,,,,,,,,,,,,,,,,,,,,,,,,
,,,,,,,,,,,,,,,,,,,,,,,,,,,,,,,,,,,,
,,,,,,,,,,,,,,,,,,,,,,,,,,,,,,,,,,,,
,,,,,,,,,,,,,,,,,,,,,,,,,,,,,,,,,,,,
,,,,,,,,,,,,,,,,,,,,,,,,,,,,,,,,,,,,
,,,,,,,,,,,,,,,,,,,,,,,,,,,,,,,,,,,,
,,,,,,,,,,,,,,,,,,,,,,,,,,,,,,,,,,,,
,,,,,,,,,,,,,,,,,,,,,,,,,,,,,,,,,,,,
,,,,,,,,,,,,,,,,,,,,,,,,,,,,,,,,,,,,
,,,,,,,,,,,,,,,,,,,,,,,,,,,,,,,,,,,,
,,,,,,,,,,,,,,,,,,,,,,,,,,,,,,,,,,,,
,,,,,,,,,,,,,,,,,,,,,,,,,,,,,,,,,,,,
,,,,,,,,,,,,,,,,,,,,,,,,,,,,,,,,,,,,
,,,,,,,,,,,,,,,,,,,,,,,,,,,,,,,,,,,,
,,,,,,,,,,,,,,,,,,,,,,,,,,,,,,,,,,,,
,,,,,,,,,,,,,,,,,,,,,,,,,,,,,,,,,,,,
,,,,,,,,,,,,,,,,,,,,,,,,,,,,,,,,,,,,
,,,,,,,,,,,,,,,,,,,,,,,,,,,,,,,,,,,,
,,,,,,,,,,,,,,,,,,,,,,,,,,,,,,,,,,,,
,,,,,,,,,,,,,,,,,,,,,,,,,,,,,,,,,,,,
,,,,,,,,,,,,,,,,,,,,,,,,,,,,,,,,,,,,
,,,,,,,,,,,,,,,,,,,,,,,,,,,,,,,,,,,,
,,,,,,,,,,,,,,,,,,,,,,,,,,,,,,,,,,,,
,,,,,,,,,,,,,,,,,,,,,,,,,,,,,,,,,,,,
,,,,,,,,,,,,,,,,,,,,,,,,,,,,,,,,,,,,
,,,,,,,,,,,,,,,,,,,,,,,,,,,,,,,,,,,,
,,,,,,,,,,,,,,,,,,,,,,,,,,,,,,,,,,,,
,,,,,,,,,,,,,,,,,,,,,,,,,,,,,,,,,,,,
,,,,,,,,,,,,,,,,,,,,,,,,,,,,,,,,,,,,
,,,,,,,,,,,,,,,,,,,,,,,,,,,,,,,,,,,,
,,,,,,,,,,,,,,,,,,,,,,,,,,,,,,,,,,,,
,,,,,,,,,,,,,,,,,,,,,,,,,,,,,,,,,,,,
,,,,,,,,,,,,,,,,,,,,,,,,,,,,,,,,,,,,
,,,,,,,,,,,,,,,,,,,,,,,,,,,,,,,,,,,,
,,,,,,,,,,,,,,,,,,,,,,,,,,,,,,,,,,,,
,,,,,,,,,,,,,,,,,,,,,,,,,,,,,,,,,,,,
,,,,,,,,,,,,,,,,,,,,,,,,,,,,,,,,,,,,
,,,,,,,,,,,,,,,,,,,,,,,,,,,,,,,,,,,,
,,,,,,,,,,,,,,,,,,,,,,,,,,,,,,,,,,,,
,,,,,,,,,,,,,,,,,,,,,,,,,,,,,,,,,,,,
,,,,,,,,,,,,,,,,,,,,,,,,,,,,,,,,,,,,
,,,,,,,,,,,,,,,,,,,,,,,,,,,,,,,,,,,,
,,,,,,,,,,,,,,,,,,,,,,,,,,,,,,,,,,,,
,,,,,,,,,,,,,,,,,,,,,,,,,,,,,,,,,,,,
,,,,,,,,,,,,,,,,,,,,,,,,,,,,,,,,,,,,
,,,,,,,,,,,,,,,,,,,,,,,,,,,,,,,,,,,,
,,,,,,,,,,,,,,,,,,,,,,,,,,,,,,,,,,,,
,,,,,,,,,,,,,,,,,,,,,,,,,,,,,,,,,,,,
,,,,,,,,,,,,,,,,,,,,,,,,,,,,,,,,,,,,
,,,,,,,,,,,,,,,,,,,,,,,,,,,,,,,,,,,,
,,,,,,,,,,,,,,,,,,,,,,,,,,,,,,,,,,,,
,,,,,,,,,,,,,,,,,,,,,,,,,,,,,,,,,,,,
,,,,,,,,,,,,,,,,,,,,,,,,,,,,,,,,,,,,
,,,,,,,,,,,,,,,,,,,,,,,,,,,,,,,,,,,,
,,,,,,,,,,,,,,,,,,,,,,,,,,,,,,,,,,,,
,,,,,,,,,,,,,,,,,,,,,,,,,,,,,,,,,,,,
,,,,,,,,,,,,,,,,,,,,,,,,,,,,,,,,,,,,
,,,,,,,,,,,,,,,,,,,,,,,,,,,,,,,,,,,,
,,,,,,,,,,,,,,,,,,,,,,,,,,,,,,,,,,,,
,,,,,,,,,,,,,,,,,,,,,,,,,,,,,,,,,,,,
,,,,,,,,,,,,,,,,,,,,,,,,,,,,,,,,,,,,
,,,,,,,,,,,,,,,,,,,,,,,,,,,,,,,,,,,,
,,,,,,,,,,,,,,,,,,,,,,,,,,,,,,,,,,,,
,,,,,,,,,,,,,,,,,,,,,,,,,,,,,,,,,,,,
,,,,,,,,,,,,,,,,,,,,,,,,,,,,,,,,,,,,
,,,,,,,,,,,,,,,,,,,,,,,,,,,,,,,,,,,,
,,,,,,,,,,,,,,,,,,,,,,,,,,,,,,,,,,,,
,,,,,,,,,,,,,,,,,,,,,,,,,,,,,,,,,,,,
,,,,,,,,,,,,,,,,,,,,,,,,,,,,,,,,,,,,
,,,,,,,,,,,,,,,,,,,,,,,,,,,,,,,,,,,,
,,,,,,,,,,,,,,,,,,,,,,,,,,,,,,,,,,,,
,,,,,,,,,,,,,,,,,,,,,,,,,,,,,,,,,,,,
,,,,,,,,,,,,,,,,,,,,,,,,,,,,,,,,,,,,
,,,,,,,,,,,,,,,,,,,,,,,,,,,,,,,,,,,,
,,,,,,,,,,,,,,,,,,,,,,,,,,,,,,,,,,,,
,,,,,,,,,,,,,,,,,,,,,,,,,,,,,,,,,,,,
,,,,,,,,,,,,,,,,,,,,,,,,,,,,,,,,,,,,
,,,,,,,,,,,,,,,,,,,,,,,,,,,,,,,,,,,,
,,,,,,,,,,,,,,,,,,,,,,,,,,,,,,,,,,,,
,,,,,,,,,,,,,,,,,,,,,,,,,,,,,,,,,,,,
,,,,,,,,,,,,,,,,,,,,,,,,,,,,,,,,,,,,
,,,,,,,,,,,,,,,,,,,,,,,,,,,,,,,,,,,,
,,,,,,,,,,,,,,,,,,,,,,,,,,,,,,,,,,,,
,,,,,,,,,,,,,,,,,,,,,,,,,,,,,,,,,,,,
,,,,,,,,,,,,,,,,,,,,,,,,,,,,,,,,,,,,
,,,,,,,,,,,,,,,,,,,,,,,,,,,,,,,,,,,,
,,,,,,,,,,,,,,,,,,,,,,,,,,,,,,,,,,,,
,,,,,,,,,,,,,,,,,,,,,,,,,,,,,,,,,,,,
Chart.js Dependencies,,,,,,,,,,,,,,,,,,,,,,,,,,,,,,,,,,,,
Applicacion,,,Type,,Size,,,,,,,,,,,,,,,,,,,,,,,,,,,,,,,
chartjs-color,,,library,,134.906,,,,,,,,,,,,,,,,,,,,,,,,,,,,,,,
moment,,,library,,107.818,,,,,,,,,,,,,,,,,,,,,,,,,,,,,,,
chartjs-color-string,,,library,,16.928,,,,,,,,,,,,,,,,,,,,,,,,,,,,,,,
color-convert,,,library,,6.045,,,,,,,,,,,,,,,,,,,,,,,,,,,,,,,
color-name,,,library,,4.599,,,,,,,,,,,,,,,,,,,,,,,,,,,,,,,
,,,,,270.296,,,,,,,,,,,,,,,,,,,,,,,,,,,,,,,
,,,,,,,,,,,,,,,,,,,,,,,,,,,,,,,,,,,,
Video.js Dependencies,,,,,,,,,,,,,,,,,,,,,,,,,,,,,,,,,,,,
Applicacion,,,Type,,Size,,,,,,,,,,,,,,,,,,,,,,,,,,,,,,,
define-properties,,,library,,1560,,,,,,,,,,,,,,,,,,,,,,,,,,,,,,,
dom-walk,,,library,,483,,,,,,,,,,,,,,,,,,,,,,,,,,,,,,,
es5-shim,,,library,,76.761,,,,,,,,,,,,,,,,,,,,,,,,,,,,,,,
for-each,,,library,,1261,,,,,,,,,,,,,,,,,,,,,,,,,,,,,,,
foreach,,,library,,555,,,,,,,,,,,,,,,,,,,,,,,,,,,,,,,
function-bind,,,library,,1415,,,,,,,,,,,,,,,,,,,,,,,,,,,,,,,
global,,,library,,640,,,,,,,,,,,,,,,,,,,,,,,,,,,,,,,
individual,,,library,,338,,,,,,,,,,,,,,,,,,,,,,,,,,,,,,,
is-function,,,library,,426,,,,,,,,,,,,,,,,,,,,,,,,,,,,,,,
lodash-compat,,,library,,848.257,,,,,,,,,,,,,,,,,,,,,,,,,,,,,,,
min-document,,,library,,14.898,,,,,,,,,,,,,,,,,,,,,,,,,,,,,,,
object-assign,,,library,,1.994,,,,,,,,,,,,,,,,,,,,,,,,,,,,,,,
object-keys,,,library,,3666,,,,,,,,,,,,,,,,,,,,,,,,,,,,,,,
once,,,library,,346,,,,,,,,,,,,,,,,,,,,,,,,,,,,,,,
parse-headers,,,library,,728,,,,,,,,,,,,,,,,,,,,,,,,,,,,,,,
process,,,library,,1372,,,,,,,,,,,,,,,,,,,,,,,,,,,,,,,
rust-result,,,library,,1721,,,,,,,,,,,,,,,,,,,,,,,,,,,,,,,
safe-json.parse,,,library,,824,,,,,,,,,,,,,,,,,,,,,,,,,,,,,,,
trim,,,library,,234,,,,,,,,,,,,,,,,,,,,,,,,,,,,,,,
tsml,,,library,,223,,,,,,,,,,,,,,,,,,,,,,,,,,,,,,,
videojs-font,,,css & font,,0,,,,,,,,,,,,,,,,,,,,,,,,,,,,,,,
videojs-ie8,,,library,,96.609,,,,,,,,,,,,,,,,,,,,,,,,,,,,,,,
videojs-swf,,,swf,,0,,,,,,,,,,,,,,,,,,,,,,,,,,,,,,,
videojs-vtt.js,,,library,,69.912,,,,,,,,,,,,,,,,,,,,,,,,,,,,,,,
wrappy,,,library,,905,,,,,,,,,,,,,,,,,,,,,,,,,,,,,,,
xhr,,,library,,6.446,,,,,,,,,,,,,,,,,,,,,,,,,,,,,,,
xtend,,,library,,753,,,,,,,,,,,,,,,,,,,,,,,,,,,,,,,
,,,,,1132327,,,,,,,,,,,,,,,,,,,,,,,,,,,,,,,
,,,,,,,,,,,,,,,,,,,,,,,,,,,,,,,,,,,,
phantomjs Dependencies,,,,,,,,,,,,,,,,,,,,,,,,,,,,,,,,,,,,
Applicacion,,,Type,,Size,,,,,,,,,,,,,,,,,,,,,,,,,,,,,,,
extract-zip,,,,,,,,,,,,,,,,,,,,,,,,,,,,,,,,,,,,
fs-extra,,,,,,,,,,,,,,,,,,,,,,,,,,,,,,,,,,,,
hasha,,,,,,,,,,,,,,,,,,,,,,,,,,,,,,,,,,,,
kew,,,,,,,,,,,,,,,,,,,,,,,,,,,,,,,,,,,,
progress,,,,,,,,,,,,,,,,,,,,,,,,,,,,,,,,,,,,
request,,,,,,,,,,,,,,,,,,,,,,,,,,,,,,,,,,,,
request-progress,,,,,,,,,,,,,,,,,,,,,,,,,,,,,,,,,,,,
which,,,,,,,,,,,,,,,,,,,,,,,,,,,,,,,,,,,,
concat-stream,,,,,,,,,,,,,,,,,,,,,,,,,,,,,,,,,,,,
debug,,,,,,,,,,,,,,,,,,,,,,,,,,,,,,,,,,,,
mkdirp,,,,,,,,,,,,,,,,,,,,,,,,,,,,,,,,,,,,
yauzl,,,,,,,,,,,,,,,,,,,,,,,,,,,,,,,,,,,,
graceful-fs,,,,,,,,,,,,,,,,,,,,,,,,,,,,,,,,,,,,
jsonfile,,,,,,,,,,,,,,,,,,,,,,,,,,,,,,,,,,,,
klaw,,,,,,,,,,,,,,,,,,,,,,,,,,,,,,,,,,,,
path-is-absolute,,,,,,,,,,,,,,,,,,,,,,,,,,,,,,,,,,,,
rimraf,,,,,,,,,,,,,,,,,,,,,,,,,,,,,,,,,,,,
is-stream,,,,,,,,,,,,,,,,,,,,,,,,,,,,,,,,,,,,
pinkie-promise,,,,,,,,,,,,,,,,,,,,,,,,,,,,,,,,,,,,
aws-sign2,,,,,,,,,,,,,,,,,,,,,,,,,,,,,,,,,,,,
aws4,,,,,,,,,,,,,,,,,,,,,,,,,,,,,,,,,,,,
bl,,,,,,,,,,,,,,,,,,,,,,,,,,,,,,,,,,,,
caseless,,,,,,,,,,,,,,,,,,,,,,,,,,,,,,,,,,,,
combined-stream,,,,,,,,,,,,,,,,,,,,,,,,,,,,,,,,,,,,
extend,,,,,,,,,,,,,,,,,,,,,,,,,,,,,,,,,,,,
forever-agent,,,,,,,,,,,,,,,,,,,,,,,,,,,,,,,,,,,,
form-data,,,,,,,,,,,,,,,,,,,,,,,,,,,,,,,,,,,,
har-validator,,,,,,,,,,,,,,,,,,,,,,,,,,,,,,,,,,,,
hawk,,,,,,,,,,,,,,,,,,,,,,,,,,,,,,,,,,,,
http-signature,,,,,,,,,,,,,,,,,,,,,,,,,,,,,,,,,,,,
is-typedarray,,,,,,,,,,,,,,,,,,,,,,,,,,,,,,,,,,,,
isstream,,,,,,,,,,,,,,,,,,,,,,,,,,,,,,,,,,,,
json-stringify-safe,,,,,,,,,,,,,,,,,,,,,,,,,,,,,,,,,,,,
mime-types,,,,,,,,,,,,,,,,,,,,,,,,,,,,,,,,,,,,
node-uuid,,,,,,,,,,,,,,,,,,,,,,,,,,,,,,,,,,,,
oauth-sign,,,,,,,,,,,,,,,,,,,,,,,,,,,,,,,,,,,,
qs,,,,,,,,,,,,,,,,,,,,,,,,,,,,,,,,,,,,
stringstream,,,,,,,,,,,,,,,,,,,,,,,,,,,,,,,,,,,,
tough-cookie,,,,,,,,,,,,,,,,,,,,,,,,,,,,,,,,,,,,
tunnel-agent,,,,,,,,,,,,,,,,,,,,,,,,,,,,,,,,,,,,
throttleit,,,,,,,,,,,,,,,,,,,,,,,,,,,,,,,,,,,,
is-absolute,,,,,,,,,,,,,,,,,,,,,,,,,,,,,,,,,,,,
isexe,,,,,,,,,,,,,,,,,,,,,,,,,,,,,,,,,,,,
inherits,,,,,,,,,,,,,,,,,,,,,,,,,,,,,,,,,,,,
typedarray,,,,,,,,,,,,,,,,,,,,,,,,,,,,,,,,,,,,
readable-stream,,,,,,,,,,,,,,,,,,,,,,,,,,,,,,,,,,,,
ms,,,,,,,,,,,,,,,,,,,,,,,,,,,,,,,,,,,,
minimist,,,,,,,,,,,,,,,,,,,,,,,,,,,,,,,,,,,,
fd-slicer,,,,,,,,,,,,,,,,,,,,,,,,,,,,,,,,,,,,
glob,,,,,,,,,,,,,,,,,,,,,,,,,,,,,,,,,,,,
pinkie,,,,,,,,,,,,,,,,,,,,,,,,,,,,,,,,,,,,
delayed-stream,,,,,,,,,,,,,,,,,,,,,,,,,,,,,,,,,,,,
async,,,,,,,,,,,,,,,,,,,,,,,,,,,,,,,,,,,,
chalk,,,,,,,,,,,,,,,,,,,,,,,,,,,,,,,,,,,,
commander,,,,,,,,,,,,,,,,,,,,,,,,,,,,,,,,,,,,
is-my-json-valid,,,,,,,,,,,,,,,,,,,,,,,,,,,,,,,,,,,,
hoek,,,,,,,,,,,,,,,,,,,,,,,,,,,,,,,,,,,,
boom,,,,,,,,,,,,,,,,,,,,,,,,,,,,,,,,,,,,
cryptiles,,,,,,,,,,,,,,,,,,,,,,,,,,,,,,,,,,,,
sntp,,,,,,,,,,,,,,,,,,,,,,,,,,,,,,,,,,,,
assert-plus,,,,,,,,,,,,,,,,,,,,,,,,,,,,,,,,,,,,
jsprim,,,,,,,,,,,,,,,,,,,,,,,,,,,,,,,,,,,,
sshpk,,,,,,,,,,,,,,,,,,,,,,,,,,,,,,,,,,,,
mime-db,,,,,,,,,,,,,,,,,,,,,,,,,,,,,,,,,,,,
is-relative,,,,,,,,,,,,,,,,,,,,,,,,,,,,,,,,,,,,
is-windows,,,,,,,,,,,,,,,,,,,,,,,,,,,,,,,,,,,,
core-util-is,,,,,,,,,,,,,,,,,,,,,,,,,,,,,,,,,,,,
isarray,,,,,,,,,,,,,,,,,,,,,,,,,,,,,,,,,,,,
process-nextick-args,,,,,,,,,,,,,,,,,,,,,,,,,,,,,,,,,,,,
string_decoder,,,,,,,,,,,,,,,,,,,,,,,,,,,,,,,,,,,,
util-deprecate,,,,,,,,,,,,,,,,,,,,,,,,,,,,,,,,,,,,
pend,,,,,,,,,,,,,,,,,,,,,,,,,,,,,,,,,,,,
inflight,,,,,,,,,,,,,,,,,,,,,,,,,,,,,,,,,,,,
minimatch,,,,,,,,,,,,,,,,,,,,,,,,,,,,,,,,,,,,
once,,,,,,,,,,,,,,,,,,,,,,,,,,,,,,,,,,,,
lodash,,,,,,,,,,,,,,,,,,,,,,,,,,,,,,,,,,,,
ansi-styles,,,,,,,,,,,,,,,,,,,,,,,,,,,,,,,,,,,,
escape-string-regexp,,,,,,,,,,,,,,,,,,,,,,,,,,,,,,,,,,,,
has-ansi,,,,,,,,,,,,,,,,,,,,,,,,,,,,,,,,,,,,
strip-ansi,,,,,,,,,,,,,,,,,,,,,,,,,,,,,,,,,,,,
supports-color,,,,,,,,,,,,,,,,,,,,,,,,,,,,,,,,,,,,
graceful-readlink,,,,,,,,,,,,,,,,,,,,,,,,,,,,,,,,,,,,
generate-function,,,,,,,,,,,,,,,,,,,,,,,,,,,,,,,,,,,,
generate-object-property,,,,,,,,,,,,,,,,,,,,,,,,,,,,,,,,,,,,
jsonpointer,,,,,,,,,,,,,,,,,,,,,,,,,,,,,,,,,,,,
xtend,,,,,,,,,,,,,,,,,,,,,,,,,,,,,,,,,,,,
extsprintf,,,,,,,,,,,,,,,,,,,,,,,,,,,,,,,,,,,,
json-schema,,,,,,,,,,,,,,,,,,,,,,,,,,,,,,,,,,,,
verror,,,,,,,,,,,,,,,,,,,,,,,,,,,,,,,,,,,,
asn1,,,,,,,,,,,,,,,,,,,,,,,,,,,,,,,,,,,,
dashdash,,,,,,,,,,,,,,,,,,,,,,,,,,,,,,,,,,,,
getpass,,,,,,,,,,,,,,,,,,,,,,,,,,,,,,,,,,,,
jsbn,,,,,,,,,,,,,,,,,,,,,,,,,,,,,,,,,,,,
tweetnacl,,,,,,,,,,,,,,,,,,,,,,,,,,,,,,,,,,,,
jodid25519,,,,,,,,,,,,,,,,,,,,,,,,,,,,,,,,,,,,
ecc-jsbn,,,,,,,,,,,,,,,,,,,,,,,,,,,,,,,,,,,,
is-unc-path,,,,,,,,,,,,,,,,,,,,,,,,,,,,,,,,,,,,
wrappy,,,,,,,,,,,,,,,,,,,,,,,,,,,,,,,,,,,,
brace-expansion,,,,,,,,,,,,,,,,,,,,,,,,,,,,,,,,,,,,
ansi-regex,,,,,,,,,,,,,,,,,,,,,,,,,,,,,,,,,,,,
has-flag,,,,,,,,,,,,,,,,,,,,,,,,,,,,,,,,,,,,
is-property,,,,,,,,,,,,,,,,,,,,,,,,,,,,,,,,,,,,
unc-path-regex,,,,,,,,,,,,,,,,,,,,,,,,,,,,,,,,,,,,
balanced-match,,,,,,,,,,,,,,,,,,,,,,,,,,,,,,,,,,,,
concat-map,,,,,,,,,,,,,,,,,,,,,,,,,,,,,,,,,,,,